Type,Name,Request Count,Failure Count,Median Response Time,Average Response Time,Min Response Time,Max Response Time,Average Content Size,Requests/s,Failures/s,50%,66%,75%,80%,90%,95%,98%,99%,99.9%,99.99%,100%
GET,/bimboterminator/reactbegin/,6,0,330.0,328.29587333344534,306.58073399990826,347.4682579999353,3359.0,0.11017237987225939,0.0,330,330,340,340,350,350,350,350,350,350,350
POST,/bimboterminator/reactbegin/comments,74,0,270.0,261.3932118107875,157.1787540005971,556.0361660000126,126.36486486486487,1.358792685091199,0.0,270,290,310,320,330,350,540,560,560,560,560
GET,/bimboterminator/reactbegin/db,235,0,230.0,264.2524292127185,151.8138049996196,2713.9919629998985,1388.0,4.315084878330159,0.0,230,290,300,310,360,410,520,720,2700,2700,2700
GET,/bimboterminator/reactbegin/post,94,0,230.0,259.0447995957355,153.8565179998841,622.9419420005797,139.0,1.7260339513320637,0.0,230,300,310,320,350,480,570,620,620,620,620
GET,/bimboterminator/reactbegin/todos,57,0,210.0,234.89897798243507,149.46189500005858,517.8860930000155,941.0,1.0466376087864642,0.0,210,250,280,290,330,380,400,520,520,520,520
POST,/bimboterminator/reactbegin/todos,64,8,230.0,264.46609940616383,149.80434100016282,742.1790819998932,161.28125,1.1751720519707667,0.14689650649634584,270,300,320,330,350,390,480,740,740,740,740
,Aggregated,530,8,240.0,260.5235415999624,149.46189500005858,2713.9919629998985,816.433962264151,9.731893555382912,0.14689650649634584,240,290,310,320,350,410,520,570,2700,2700,2700
